﻿<?xml version="1.0" standalone="yes"?>
<agenda>
	<contactos>
		<ID>1</ID>
		<Nombre>Juana</Nombre>
		<Apellido>De Blanco</Apellido>
		<E-mail>jdblanco@gmail.com</E-mail>
		<Telefono>411-1111</Telefono>
	</contactos>
	<contactos>
		<ID>2</ID>
		<Nombre>Jose</Nombre>
		<Apellido>Gonzales</Apellido>
		<E-mail>johny_smithy@gmail.com</E-mail>
		<Telefono>422-2222</Telefono>
	</contactos>
	<contactos>
		<ID>3</ID>
		<Nombre>Rodrigo</Nombre>
		<Apellido>Rodriguez</Apellido>
		<E-mail>rodrirodri@gmail.com</E-mail>
		<Telefono>433-3333</Telefono>
	</contactos>
</agenda>

